Number	Player	Team	Special	 Low Price 	 High Price 	 Replace 	 Purchased 	Received	 Paid 	 Graded 	 Duplicate 	 Dup Paid 	 Focus 	Notes				
1	Ford Frick	Major League Baseball	Commissioner	5.00		FALSE	 TRUE 	TRUE	$6.10		FALSE		FALSE	Poor condition, heavy patina				
2	Eddie Yost	Detroit Tigers 		5.00		FALSE	 TRUE 	TRUE	$2.00		FALSE		FALSE					
3	Don McMahon	Milwaukee Braves				FALSE	 TRUE 	TRUE	$6.55		FALSE		FALSE					
4	Albie Pearson	Washington Senators		5.00		FALSE	 TRUE 	TRUE	$1.86		FALSE		TRUE	Minor crease				
5	Dick Donovan	Chicago White Sox				FALSE	 TRUE 	TRUE	$2.64		FALSE		FALSE					
6	Alex Grammas	St. Louis Cardinals				FALSE	 TRUE 	TRUE	$2.64		TRUE	$1.86	FALSE					
7	Al Pilarcik	Baltimore Orioles				FALSE	 TRUE 	TRUE	$3.45		FALSE		FALSE					
8	Philadelphia Phillies	Philadelphia Phillies	TC			FALSE	 TRUE 	TRUE	$7.42		FALSE		FALSE					
9	Paul Giel	San Francisco Giants				FALSE	 TRUE 	TRUE	$1.51		FALSE		FALSE					
10	Mickey Mantle	New York Yankees		500.00	2,500.00	FALSE	 FALSE 	FALSE			FALSE		FALSE					
11	Billy Hunter	Cleveland Indians		5.00		FALSE	 TRUE 	TRUE	$2.25		FALSE		FALSE					
12	Vern Law	Pittsburgh Pirates		5.00		FALSE	 TRUE 	TRUE	$4.00		FALSE		FALSE					
13	Dick Gernert	Boston Red Sox 		5.00		FALSE	 TRUE 	FALSE	$2.25		FALSE		FALSE					
14	Pete Whisenant	Cincinnati Redlegs		5.00		FALSE	 TRUE 	TRUE	$1.86		FALSE		FALSE					
15	Dick Drott	Chicago Cubs		5.00		FALSE	 TRUE 	TRUE	$2.92		FALSE		TRUE					
16	Joe Pignatano	Los Angeles Dodgers		5.00		FALSE	 TRUE 	FALSE	$3.00		FALSE		FALSE					
17	Kluszewski, etc	Pittsburgh Pirates	Danny's All-Stars			FALSE	 TRUE 	TRUE	$3.43		FALSE		FALSE					
18	Jack Urban	Kansas City Athletics				FALSE	 TRUE 	TRUE	$2.97		FALSE		FALSE					
19	Ed Bressoud	San Francisco Giants		5.00		FALSE	 TRUE 	FALSE	$2.25		FALSE		FALSE					
20	Duke Snider	Los Angeles Dodgers		25.00	40.00	FALSE	 FALSE 	FALSE			FALSE		FALSE					
21	Connie Johnson	Baltimore Orioles		5.00		FALSE	 TRUE 	TRUE	$3.45		FALSE		FALSE					
22	Al Smith	Chicago White Sox		5.00		FALSE	 TRUE 	TRUE	$1.98		TRUE	$1.50	FALSE					
23	Murry Dickson	New York Yankees		5.00		FALSE	 TRUE 	FALSE	$2.25		FALSE		FALSE					
24	Red Wilson	Detroit Tigers				FALSE	 TRUE 	TRUE	$4.94		TRUE	$1.51	FALSE					
25	Don Hoak	Cincinnati Redlegs		5.00		TRUE	 TRUE 	FALSE	$2.25		FALSE		FALSE	oc				
26	Chuck Stobbs	St. Louis Cardinals				TRUE	 TRUE 	TRUE	$3.40		FALSE		FALSE	oc				
27	Andy Pafko	Milwaukee Braves				FALSE	 TRUE 	TRUE	$5.83		FALSE		FALSE					
28	Red Worthington	San Francisco Giants				FALSE	 TRUE 	TRUE	$3.40		FALSE		FALSE					
29	Jim Bolger	Chicago Cubs		5.00		FALSE	 TRUE 	FALSE	$2.25		FALSE		FALSE					
30	Nellie Fox	Chicago White Sox		10.00	40.00	FALSE	 TRUE 	TRUE	$9.66		FALSE		FALSE					
31	Ken Lehman	Philadelphia Phillies				FALSE	 TRUE 	TRUE	$3.40		FALSE		FALSE					
32	Don Buddin	Boston Red Sox 				FALSE	 TRUE 	TRUE	$3.40		FALSE		FALSE					
33	Ed Fitzgerald	Washington Senators		5.00		FALSE	 TRUE 	TRUE	$2.11		TRUE	$1.87	FALSE					
34	Kaline/Maxwell	Detroit Tigers	Pitchers Beware	5.00		FALSE	 TRUE 	FALSE	$36.08		FALSE		FALSE	Nice card				
35	Ted Kluszewski	Pittsburgh Pirates			15.00	FALSE	 TRUE 	TRUE	$16.89		FALSE		FALSE					
36	Hank Aguirre	Detroit Tigers		5.00		FALSE	 TRUE 	TRUE	$4.24		FALSE		FALSE					
37	Gene Green	St. Louis Cardinals		5.00		FALSE	 TRUE 	FALSE	$2.25		FALSE		FALSE					
38	Morrie Martin	Cleveland Indians		5.00		FALSE	 TRUE 	FALSE	$2.25		FALSE		FALSE					
39	Ed Bouchee	Philadelphia Phillies		5.00		FALSE	 TRUE 	FALSE	$2.25		FALSE		FALSE					
40	Warren Spahn	Milwaukee Braves		25.00	55.00	FALSE	 TRUE 	TRUE	$33.66	PSA 3	FALSE		FALSE	Lower left corner dinged				
41	Bob Martyn	Kansas City Athletics		5.00		FALSE	 TRUE 	TRUE	$4.76		FALSE		FALSE					
42	Murray Wall	Boston Red Sox		5.00		FALSE	 TRUE 	FALSE	$2.25		FALSE		FALSE					
43	Steve Bilko	Los Angeles Dodgers		5.00		FALSE	 TRUE 	TRUE	$1.86		FALSE		FALSE					
44	Vito Valentinetti	Washington Senators				FALSE	 TRUE 	TRUE	$3.40		FALSE		FALSE					
45	Andy Carey	New York Yankees		5.00		FALSE	 TRUE 	FALSE	$2.25		FALSE		FALSE					
46	Bill Henry	Chicago Cubs		5.00		FALSE	 TRUE 	TRUE	$3.08		FALSE		FALSE					
47	Jim Finigan	Baltimore Orioles 		5.00		FALSE	 TRUE 	FALSE	$0.87		FALSE		FALSE	COMC				
48	Baltimore Orioles	Baltimore Orioles	TC	5.00		FALSE	 TRUE 	FALSE	$4.30		FALSE		FALSE					
49	Bill Hall	Pittsburgh Pirates	RC	5.00		FALSE	 TRUE 	FALSE	$4.75		FALSE		FALSE					
50	Willie Mays	San Francisco Giants		150.00	350.00	FALSE	 TRUE 	TRUE	$209.34	PSA 2	FALSE		FALSE	PSA2, mildy stained; minor crease				
51	Rip Coleman	Kansas City Athletics		5.00		FALSE	 TRUE 	TRUE	$3.45		FALSE		TRUE					
52	Coot Veal	Detroit Tigers	RC			FALSE	 TRUE 	TRUE	$6.10		FALSE		FALSE					
53	Stan Williams	Los Angeles Dodgers	RC			FALSE	 TRUE 	TRUE	$3.46		TRUE	$1.86	FALSE					
54	Mel Roach	Milwaukee Braves		5.00		FALSE	 TRUE 	TRUE	$6.95		FALSE		FALSE					
55	Tom Brewer	Boston Red Sox				FALSE	 TRUE 	TRUE	$3.40		FALSE		FALSE					
56	Carl Sawatski	Philadelphia Phillies		5.00		FALSE	 TRUE 	FALSE	$2.25		FALSE		FALSE					
57	Al Cicotte	Cleveland Indians		5.00		FALSE	 TRUE 	TRUE	$1.87		FALSE		FALSE					
58	Eddie Miksis	Cincinnati Redlegs		5.00		FALSE	 TRUE 	TRUE	$1.86		FALSE		FALSE					
59	Irv Noren	St. Louis Cardinals		5.00		FALSE	 TRUE 	FALSE	$4.00		FALSE		FALSE					
60	Bob Turley	New York Yankees		5.00		FALSE	 FALSE 	FALSE			FALSE		FALSE					
61	Dick Brown	Cleveland Indians		5.00		FALSE	 TRUE 	FALSE	$2.25		FALSE		FALSE					
62	Tony Taylor	Chicago Cubs				FALSE	 TRUE 	TRUE	$5.90		FALSE		FALSE					
63	Jim Hearn	Philadelphia Phillies				FALSE	 TRUE 	TRUE	$4.24		FALSE		FALSE					
64	Joe DeMaestri	Kansas City Athletics		5.00		FALSE	 TRUE 	FALSE	$2.25		FALSE		FALSE					
65	Frank Torre	Milwaukee Braves		5.00		FALSE	 TRUE 	FALSE	$4.00		FALSE		FALSE					
66	Joe Ginsberg	Baltimore Orioles		5.00		FALSE	 FALSE 	FALSE			FALSE		FALSE					
67	Brooks Lawrence	Cincinnati Redlegs				FALSE	 TRUE 	TRUE	$5.30		FALSE		FALSE					
68	Dick Schofield	Pittsburgh Pirates		5.00		FALSE	 FALSE 	FALSE			FALSE		FALSE					
69	San Francisco Giants	San Francisco Giants	TC	5.00		FALSE	 TRUE 	TRUE	$6.36		FALSE		FALSE	Marked				
70	Harvey Kuenn	Detroit Tigers		5.00		FALSE	 FALSE 	FALSE			FALSE		FALSE					
71	Don Bessent	Los Angeles Dodgers				FALSE	 TRUE 	TRUE	$6.10		FALSE		FALSE					
72	Bill Renna	Boston Red Sox		5.00		FALSE	 TRUE 	FALSE	$2.25		FALSE		FALSE					
73	Ron H. Jackson	Chicago White Sox		5.00		FALSE	 TRUE 	TRUE	$2.25		FALSE		FALSE					
74	Sievers, Lemon, Lavagetto	Washington Senators	Directing the Power			FALSE	 TRUE 	TRUE	$3.33		FALSE		FALSE					
75	Sam Jones	St. Louis Cardinals		5.00		FALSE	 TRUE 	FALSE	$2.25		FALSE		FALSE					
76	Bobby Richardson	New York Yankees		5.00		FALSE	 FALSE 	FALSE			FALSE		FALSE					
77	John Goryl	Chicago Cubs		5.00		FALSE	 TRUE 	TRUE	$1.87		FALSE		FALSE					
78	Pedro Ramos	Washington Senators		5.00		FALSE	 TRUE 	FALSE	$2.25		FALSE		FALSE					
79	Harry Chiti	Kansas City Athletics				FALSE	 TRUE 	TRUE	$3.05		TRUE	$1.87	FALSE					
80	Minnie Minoso	Cleveland Indians		6.00	15.00	FALSE	 TRUE 	TRUE	$5.00		FALSE		FALSE					
81	Hal Jeffcoat	Cincinnati Redlegs		5.00		FALSE	 TRUE 	FALSE	$2.25		FALSE		FALSE					
82	Bob Boyd	Baltimore Orioles		5.00		FALSE	 TRUE 	FALSE	$2.25		FALSE		FALSE					
83	Bob Smith	Pittsburgh Pirates		5.00		FALSE	 TRUE 	FALSE	$2.25		FALSE		FALSE					
84	Reno Bertoia	Washington Senators		5.00		FALSE	 TRUE 	TRUE	$2.11		FALSE		FALSE					
85	Harry Anderson	Philadelphia Phillies		5.00		FALSE	 TRUE 	TRUE	$2.75		FALSE		FALSE					
86	Bob Keegan	Chicago White Sox				FALSE	 TRUE 	TRUE	$4.77		TRUE	$1.50	FALSE					
87	Danny O'Connell	San Francisco Giants		5.00		FALSE	 TRUE 	TRUE	$2.11		FALSE		FALSE					
88	Herb Score	Cleveland Indians				FALSE	 TRUE 	TRUE	$8.48		FALSE		FALSE					
89	Billy Gardner	Baltimore Orioles		5.00		FALSE	 TRUE 	TRUE	$2.25		FALSE		FALSE					
90	Bill Skowron	New York Yankees		5.00		FALSE	 FALSE 	FALSE			FALSE		FALSE					
91	Herb Moford	Boston Red Sox	RC	5.00		FALSE	 FALSE 	FALSE			FALSE		FALSE					
92	Dave Philley	Philadelphia Phillies				FALSE	 TRUE 	TRUE	$2.00		FALSE		FALSE					
93	Julio Becquer	Washington Senators		5.00		FALSE	 FALSE 	FALSE			FALSE		FALSE					
94	Chicago White Sox	Chicago White Sox	TC	5.00		FALSE	 FALSE 	FALSE			FALSE		FALSE					
95	Carl Willey	Milwaukee Braves				FALSE	 TRUE 	TRUE	$4.23		FALSE		FALSE					
96	Lou Berberet	Detroit Tigers				FALSE	 TRUE 	TRUE	$2.96		FALSE		FALSE					
97	Jerry Lynch	Cincinnati Redlegs		5.00		FALSE	 TRUE 	FALSE	$9.54		FALSE		FALSE					
98	Arnie Portocarrero	Baltimore Orioles		5.00		FALSE	 FALSE 	FALSE			FALSE		FALSE					
99	Ted Kazanski	Philadelphia Phillies		5.00		FALSE	 FALSE 	FALSE			FALSE		FALSE					
100	Bob Cerv	Kansas City Athletics		5.00		FALSE	 FALSE 	FALSE			FALSE		FALSE					
101	Alex Kellner	St. Louis Cardinals		5.00		FALSE	 TRUE 	TRUE	$4.00		FALSE		FALSE					
102	Felipe Alou	San Francisco Giants	RC	15.00	50.00	TRUE	 TRUE 	TRUE	$2.11		FALSE		TRUE	Fair condition, filler				
103	Billy Goodman	Chicago White Sox				FALSE	 TRUE 	TRUE	$4.16		FALSE		FALSE					
104	Del Rice	Milwaukee Braves		5.00		FALSE	 FALSE 	FALSE			FALSE		FALSE					
105	Lee Walls	Chicago Cubs		5.00		FALSE	 TRUE 	TRUE	$4.00		FALSE		FALSE					
106	Hal Woodeshick	Cleveland Indians	RC	5.00		FALSE	 FALSE 	FALSE			FALSE		FALSE					
107	Norm Larker	Los Angeles Dodgers	RC			FALSE	 TRUE 	TRUE	$2.25		TRUE	$1.87	FALSE					
108	Zack Monroe	New York Yankees	RC	5.00		FALSE	 TRUE 	TRUE	$10.39	PSA 6	FALSE		FALSE					
109	Bob Schmidt	San Francisco Giants		5.00		FALSE	 TRUE 	TRUE	$3.52		FALSE		FALSE					
110	George Witt	Pittsburgh Pirates	RC			FALSE	 TRUE 	TRUE	$3.43		TRUE	$1.87	FALSE					
111	Cincinnati Redlegs	Cincinnati Redlegs	TC	5.00		FALSE	 FALSE 	FALSE			FALSE		FALSE					
112	Billy Consolo	Boston Red Sox				FALSE	 TRUE 	TRUE	$2.65		FALSE		FALSE					
113	Taylor Phillips	Chicago Cubs				FALSE	 TRUE 	TRUE	$1.93		FALSE		FALSE	A little off center				
114	Earl Battey	Chicago White Sox		5.00		FALSE	 TRUE 	TRUE	$1.50		FALSE		FALSE					
115	Mickey Vernon	Cleveland Indians		5.00		FALSE	 TRUE 	TRUE	$4.61		FALSE		FALSE					
116	Bob Allison	Washington Senators	RC			FALSE	 TRUE 	TRUE	$4.47		FALSE		FALSE					
117	John Blanchard	New York Yankees	RC	5.00		FALSE	 FALSE 	FALSE			FALSE		FALSE					
118	John Buzhardt	Chicago Cubs	RC			FALSE	 TRUE 	TRUE	$1.93		TRUE	$3.09	FALSE	Cool up close Cubs card				
119	Johnny Callison	Chicago White Sox	RC	5.00		FALSE	 FALSE 	FALSE			FALSE		FALSE					
120	Chuck Coles	Cincinnati Redlegs	RC	5.00		FALSE	 FALSE 	FALSE			FALSE		FALSE					
121	Bob Conley	Philadelphia Phillies	RC	5.00		FALSE	 FALSE 	FALSE			FALSE		FALSE					
122	Bennie Daniels	Pittsburgh Pirates	RC	5.00		FALSE	 FALSE 	FALSE			FALSE		FALSE					
123	Don Dillard	Cleveland Indians	RC	5.00		FALSE	 FALSE 	FALSE			FALSE		FALSE					
124	Dan Dobbek	Washington Senators	RC	5.00		FALSE	 FALSE 	FALSE			FALSE		FALSE					
125	Ron Fairly	Los Angeles Dodgers	RC			FALSE	 TRUE 	TRUE	$3.09		FALSE		FALSE					
126	Eddie Haas	Milwaukee Braves	RC	5.00		FALSE	 FALSE 	FALSE			FALSE		FALSE					
127	Kent Hadley	Kansas City Athletics	RC	5.00		FALSE	 FALSE 	FALSE			FALSE		FALSE					
128	Bob Hartman	Milwaukee Braves	RC	5.00		FALSE	 FALSE 	FALSE			FALSE		FALSE					
129	Frank Herrera	Philadelphia Phillies	RC	5.00		FALSE	 FALSE 	FALSE			FALSE		FALSE					
130	Lou Jackson	Chicago Cubs	RC	5.00		FALSE	 FALSE 	FALSE			FALSE		FALSE					
131	Deron Johnson	New York Yankees	RC	5.00		FALSE	 FALSE 	FALSE			FALSE		FALSE					
132	Don Lee	Detroit Tigers 		5.00		FALSE	 FALSE 	FALSE			FALSE		FALSE					
133	Bob Lillis	Los Angeles Dodgers	RC			FALSE	 TRUE 	TRUE	$2.40		FALSE		FALSE					
134	Jim McDaniel	Pittsburgh Pirates	RC			FALSE	 TRUE 	TRUE	$3.43		FALSE		FALSE					
135	Gene Oliver	St. Louis Cardinals	RC			FALSE	 TRUE 	TRUE	$5.90		FALSE		FALSE					
136	Jim O'Toole	Cincinnati Redlegs	RC	5.00		FALSE	 TRUE 	TRUE	$2.39		FALSE		FALSE					
137	Dick Ricketts	St. Louis Cardinals	RC			FALSE	 TRUE 	TRUE	$3.79		FALSE		FALSE					
138	Johnny Romano	Chicago White Sox	RC	5.00		FALSE	 FALSE 	FALSE			FALSE		FALSE					
139	Ed Sadowski	Boston Red Sox	RC	5.00		FALSE	 FALSE 	FALSE			FALSE		FALSE					
140	Charlie Secrest	Kansas City Athletics	RC			FALSE	 TRUE 	TRUE	$6.03		FALSE		FALSE					
141	Joe Shipley	San Francisco Giants	RC	5.00		FALSE	 FALSE 	FALSE			FALSE		FALSE					
142	Dick Stigman	Cleveland Indians	RC			FALSE	 TRUE 	TRUE	$3.33		FALSE		FALSE					
143	Willie Tasby	Baltimore Orioles	RC	5.00		FALSE	 FALSE 	FALSE			FALSE		FALSE					
144	Jerry Walker	Baltimore Orioles		5.00		FALSE	 FALSE 	FALSE			FALSE		FALSE					
145	Dom Zanni	San Francisco Giants	RC	5.00		FALSE	 FALSE 	FALSE			FALSE		FALSE					
146	Jerry Zimmerman	Boston Red Sox	RC	5.00		FALSE	 FALSE 	FALSE			FALSE		FALSE					
147	Banks, Moryn, Long	Chicago Cubs	Cubs' Clubbers	5.00		FALSE	 FALSE 	FALSE	$16.00		FALSE		FALSE					
148	Mike McCormick	San Francisco Giants				FALSE	 TRUE 	TRUE	$2.00		TRUE	$1.87	FALSE	A little dirty				
149	Jim Bunning	Detroit Tigers		5.00		FALSE	 FALSE 	FALSE			FALSE		FALSE					
150	Stan Musial	St. Louis Cardinals		25.00	60.00	FALSE	 FALSE 	FALSE			FALSE		FALSE					
151	Bobby Malkmus	Washington Senators		5.00		FALSE	 TRUE 	TRUE	$3.45		FALSE		FALSE					
152	Johnny Klippstein	Los Angeles Dodgers		5.00		FALSE	 TRUE 	TRUE	$8.96		FALSE		FALSE					
153	Jim Marshall	Chicago Cubs				FALSE	 TRUE 	TRUE	$1.93		FALSE		FALSE					
154	Ray Herbert	Kansas City Athletics	UER	5.00		FALSE	 TRUE 	TRUE	$3.00		FALSE		FALSE					
155	Enos Slaughter	New York Yankees		5.00		FALSE	 FALSE 	FALSE			FALSE		FALSE					
156	Pierce, Roberts	Chicago White Sox	Ace Hurlers	5.00		TRUE	 TRUE 	TRUE	$8.84		FALSE		FALSE	SGC2, Poor condition				
157	Felix Mantilla	Milwaukee Braves		5.00		FALSE	 FALSE 	FALSE	$5.18		FALSE		FALSE	Top right corner crease				
158	Walt Dropo	Cincinnati Redlegs				FALSE	 TRUE 	TRUE	$4.30		FALSE		FALSE					
159	Bob Shaw	Chicago White Sox		5.00		FALSE	 TRUE 	TRUE	$1.50		FALSE		FALSE					
160	Dick Groat	Pittsburgh Pirates		5.00		FALSE	 FALSE 	FALSE			FALSE		FALSE					
161	Frank Baumann	Boston Red Sox		5.00		FALSE	 FALSE 	FALSE			FALSE		FALSE					
162	Bobby Gene Smith	St. Louis Cardinals				FALSE	 TRUE 	TRUE	$3.29		FALSE		FALSE					
163	Sandy Koufax	Los Angeles Dodgers		65.00	160.00	FALSE	 FALSE 	FALSE			FALSE		FALSE					
164	Johnny Groth	Detroit Tigers		5.00		FALSE	 FALSE 	FALSE			FALSE		FALSE					
165	Bill Bruton	Milwaukee Braves		5.00		FALSE	 TRUE 	TRUE	$5.00		FALSE		FALSE					
166	Minoso, Doby, Colavito	Cleveland Indians	Destruction Crew	5.00		FALSE	 FALSE 	FALSE			FALSE		FALSE					
167	Duke Maas	New York Yankees				FALSE	 TRUE 	TRUE	$2.00		FALSE		FALSE					
168	Carroll Hardy	Cleveland Indians				FALSE	 TRUE 	TRUE	$3.70		TRUE	$1.86	FALSE	Front is faded				
169	Ted Abernathy	Washington Senators		5.00		FALSE	 FALSE 	FALSE			FALSE		FALSE					
170	Gene Woodling	Baltimore Orioles		5.00		FALSE	 TRUE 	TRUE	$4.76		FALSE		FALSE					
171	Willard Schmidt	Cincinnati Redlegs				FALSE	 TRUE 	TRUE	$2.11		FALSE		FALSE					
172	Kansas City Athletics	Kansas City Athletics	TC	5.00		FALSE	 FALSE 	FALSE			FALSE		FALSE					
173	Bill Monbouquette	Boston Red Sox	RC			FALSE	 TRUE 	TRUE	$4.51		TRUE	$1.87	FALSE					
174	Jim Pendleton	Pittsburgh Pirates				FALSE	 TRUE 	TRUE	$3.43		FALSE		FALSE					
175	Dick Farrell	Philadelphia Phillies				FALSE	 TRUE 	TRUE	$1.95		FALSE		FALSE					
176	Preston Ward	Kansas City Athletics		5.00		FALSE	 TRUE 	TRUE	$3.00		FALSE		FALSE					
177	Johnny Briggs	Chicago Cubs	RC			TRUE	 TRUE 	TRUE	$4.51		FALSE		FALSE	Just a little off center LR				
178	Ruben Amaro	Philadelphia Phillies	RC	5.00		FALSE	 FALSE 	FALSE			FALSE		FALSE					
179	Don Rudolph	Chicago White Sox		5.00		FALSE	 FALSE 	FALSE			FALSE		FALSE					
180	Yogi Berra	New York Yankees		 $$$ 		FALSE	 FALSE 	FALSE			FALSE		FALSE					
181	Bob Porterfield	Pittsburgh Pirates				TRUE	 TRUE 	TRUE	$1.51		FALSE		FALSE	Off center				
182	Milt Graff	Kansas City Athletics				FALSE	 TRUE 	TRUE	$3.06		FALSE		FALSE					
183	Stu Miller	San Francisco Giants		5.00		FALSE	 FALSE 	FALSE			FALSE		FALSE					
184	Harvey Haddix	Cincinnati Redlegs		5.00		FALSE	 FALSE 	FALSE			FALSE		FALSE					
185	Jim Busby	Boston Red Sox		5.00		FALSE	 TRUE 	TRUE	$2.00		FALSE		FALSE					
186	Mudcat Grant	Cleveland Indians		5.00		FALSE	 FALSE 	FALSE			FALSE		FALSE					
187	Bubba Phillips	Chicago White Sox		5.00		FALSE	 TRUE 	TRUE	$1.50		FALSE		FALSE					
188	Juan Pizarro	Milwaukee Braves		5.00		FALSE	 FALSE 	FALSE			FALSE		FALSE					
189	Neil Chrisley	Detroit Tigers 				FALSE	 TRUE 	TRUE	$1.91		FALSE		FALSE					
190	Bill Virdon	Pittsburgh Pirates				FALSE	 TRUE 	TRUE	$3.43		FALSE		FALSE					
191	Russ Kemmerer	Washington Senators				FALSE	 TRUE 	TRUE	$3.29		FALSE		FALSE					
192	Charley Beamon	Baltimore Orioles	RC	5.00		FALSE	 TRUE 	TRUE	$0.80		FALSE		TRUE					
193	Sammy Taylor	Chicago Cubs				FALSE	 TRUE 	TRUE	$1.91		FALSE		FALSE					
194	Jim Brosnan	St. Louis Cardinals				FALSE	 TRUE 	TRUE	$2.27		FALSE		FALSE					
195	Rip Repulski	Los Angeles Dodgers		5.00		FALSE	 FALSE 	FALSE			FALSE		FALSE					
196	Billy Moran	Cleveland Indians		5.00		FALSE	 TRUE 	TRUE	$2.00		FALSE		FALSE					
197	Ray Semproch	Philadelphia Phillies		5.00		FALSE	 FALSE 	FALSE			FALSE		FALSE					
198	Jim Davenport	San Francisco Giants		5.00		FALSE	 FALSE 	FALSE			FALSE		FALSE					
199	Leo Kiely	Boston Red Sox		5.00		FALSE	 TRUE 	TRUE	$2.00		FALSE		FALSE					
200	Warren Giles	Major League Baseball	NL President	5.00		FALSE	 TRUE 	TRUE	$5.82		FALSE		FALSE					
201	Tom Acker	Cincinnati Redlegs		5.00		FALSE	 TRUE 	TRUE	$2.00		FALSE		FALSE					
202	Roger Maris	Kansas City Athletics		 $$$$ 		FALSE	 TRUE 	TRUE	$21.25		FALSE		FALSE	Severly creased, filler for now				
203	Ozzie Virgil Sr.	Detroit Tigers 		5.00		FALSE	 TRUE 	TRUE	$3.00		FALSE		FALSE					
204	Casey Wise	Milwaukee Braves		5.00		FALSE	 FALSE 	FALSE			FALSE		FALSE					
205	Don Larsen	New York Yankees		 $$ 		FALSE	 TRUE 	TRUE	$9.66		TRUE	$8.43	FALSE					
206	Carl Furillo	Los Angeles Dodgers		5.00		FALSE	 FALSE 	FALSE			FALSE		FALSE					
207	George Strickland	Cleveland Indians				FALSE	 TRUE 	TRUE	$4.87		FALSE		FALSE					
208	Willie Jones	Philadelphia Phillies		5.00		FALSE	 TRUE 	TRUE	$2.00		FALSE		FALSE					
209	Lenny Green	Baltimore Orioles		5.00		FALSE	 FALSE 	FALSE			FALSE		FALSE					
210	Ed Bailey	Cincinnati Redlegs		5.00		FALSE	 FALSE 	FALSE			FALSE		FALSE					
211	Bob Blaylock	St. Louis Cardinals	RC	5.00		FALSE	 TRUE 	TRUE	$2.00		FALSE		FALSE					
212	Aaron, Matthews	Milwaukee Braves	Fence Busters	25.00		FALSE	 FALSE 	FALSE			FALSE		FALSE					
213	Jim Rivera	Chicago White Sox				FALSE	 TRUE 	TRUE	$4.16		TRUE	$1.50	FALSE					
214	Marcelino Solis	Chicago Cubs	RC			TRUE	 TRUE 	TRUE	$1.51		FALSE		FALSE	Off center				
215	Jim Lemon	Washington Senators		5.00		FALSE	 FALSE 	FALSE			FALSE		FALSE					
216	Andre Rodgers	San Francisco Giants		5.00		FALSE	 TRUE 	TRUE	$2.00		TRUE	$1.00	FALSE					
217	Carl Erskine	Los Angeles Dodgers		5.00		FALSE	 FALSE 	FALSE			FALSE		FALSE					
218	Roman Mejias	Pittsburgh Pirates		5.00		FALSE	 TRUE 	TRUE	$4.20		FALSE		FALSE					
219	George Zuverink	Baltimore Orioles				FALSE	 TRUE 	TRUE	$1.51		FALSE		FALSE					
220	Frank Malzone	Boston Red Sox		5.00		FALSE	 TRUE 	TRUE	$5.29		FALSE		FALSE					
221	Bob Bowman	Philadelphia Phillies				FALSE	 TRUE 	TRUE	$2.40		FALSE		FALSE					
222	Bobby Shantz	New York Yankees		5.00		FALSE	 TRUE 	TRUE	$1.86		FALSE		FALSE					
223	St. Louis Cardinals	St. Louis Cardinals	TC	5.00		FALSE	 TRUE 	TRUE	$3.00		FALSE		FALSE					
224	Claude Osteen	Cincinnati Redlegs	RC	5.00		FALSE	 TRUE 	TRUE	$12.03		FALSE		FALSE					
225	Johnny Logan	Milwaukee Braves		5.00		FALSE	 FALSE 	FALSE			FALSE		FALSE					
226	Art Ceccarelli	Chicago Cubs		5.00		FALSE	 FALSE 	FALSE			FALSE		TRUE					
227	Hal W. Smith	Kansas City Athletics		5.00		FALSE	 FALSE 	FALSE			FALSE		FALSE					
228	Don Gross	Pittsburgh Pirates				FALSE	 TRUE 	TRUE	$3.43		FALSE		FALSE					
229	Vic Power	Cleveland Indians		5.00		FALSE	 FALSE 	FALSE			FALSE		FALSE					
230	Bill Fischer	Washington Senators		5.00		FALSE	 FALSE 	FALSE			FALSE		FALSE					
231	Ellis Burton	St. Louis Cardinals	RC	5.00		FALSE	 TRUE 	TRUE	$5.29		FALSE		TRUE					
232	Eddie Kasko	Cincinnati Redlegs		5.00		FALSE	 FALSE 	FALSE			FALSE		FALSE					
233	Paul Foytack	Detroit Tigers 		5.00		FALSE	 TRUE 	TRUE	$2.00		FALSE		FALSE					
234	Chuck Tanner	Chicago Cubs		5.00		FALSE	 FALSE 	FALSE			FALSE		FALSE					
235	Valmy Thomas	Philadelphia Phillies				FALSE	 TRUE 	TRUE	$2.35		FALSE		FALSE					
236	Ted Bowsfield	Boston Red Sox	RC	5.00		FALSE	 TRUE 	TRUE	$5.29		FALSE		FALSE					
237	Turley, Richardson, McDougald	New York Yankees	Run Preventers	5.00		FALSE	 TRUE 	TRUE	$1.87		FALSE		FALSE					
238	Gene Baker	Pittsburgh Pirates		5.00		FALSE	 FALSE 	FALSE			FALSE		FALSE					
239	Bob Trowbridge	Milwaukee Braves		5.00		FALSE	 FALSE 	FALSE			FALSE		FALSE					
240	Hank Bauer	New York Yankees		5.00		FALSE	 FALSE 	FALSE			FALSE		FALSE					
241	Billy Muffett	San Francisco Giants		5.00		FALSE	 TRUE 	TRUE	$2.00		TRUE	$0.80	FALSE					
242	Ron Samford	Washington Senators	RC			FALSE	 TRUE 	TRUE	$2.40		FALSE		FALSE					
243	Marv Grissom	St. Louis Cardinals				FALSE	 TRUE 	TRUE	$8.49	PSA5	TRUE	$2.27	FALSE	PSA 5				
244	Dick Gray	Los Angeles Dodgers		5.00		FALSE	 FALSE 	FALSE			FALSE		FALSE					
245	Ned Garver	Kansas City Athletics		5.00		FALSE	 FALSE 	FALSE			FALSE		FALSE					
246	J.W. Porter	Washington Senators		5.00		FALSE	 TRUE 	TRUE	$2.22		FALSE		FALSE					
247	Don Ferrarese	Cleveland Indians		5.00		FALSE	 TRUE 	TRUE	$2.00		FALSE		FALSE					
248	Boston Red Sox (1908-)	Boston Red Sox	TC	5.00		FALSE	 TRUE 	TRUE	$5.28		FALSE		FALSE					
249	Bobby Adams	Chicago Cubs				FALSE	 TRUE 	TRUE	$4.17		TRUE	$1.51	FALSE					
250	Billy O'Dell	Baltimore Orioles		5.00		FALSE	 TRUE 	TRUE	$2.00		FALSE		FALSE					
251	Cletis Boyer	New York Yankees		5.00		FALSE	 TRUE 	TRUE	$2.00		FALSE		FALSE					
252	Ray Boone	Chicago White Sox		5.00		FALSE	 FALSE 	FALSE			FALSE		FALSE					
253	Seth Morehead	Philadelphia Phillies	RC			FALSE	 TRUE 	TRUE	$3.71		FALSE		FALSE					
254	Zeke Bella	Kansas City Athletics	RC	5.00		FALSE	 FALSE 	FALSE			FALSE		FALSE					
255	Del Ennis	Cincinnati Redlegs		5.00		FALSE	 FALSE 	FALSE			FALSE		FALSE					
256	Jerry Davie	Detroit Tigers 	RC	5.00		FALSE	 FALSE 	FALSE			FALSE		FALSE					
257	Leon Wagner	San Francisco Giants	RC	5.00		FALSE	 FALSE 	FALSE			FALSE		FALSE					
258	Fred Kipp	Los Angeles Dodgers	RC	5.00		FALSE	 FALSE 	FALSE			FALSE		FALSE					
259	Jim Pisoni	Milwaukee Braves		5.00		FALSE	 FALSE 	FALSE			FALSE		FALSE					
260	Early Wynn	Chicago White Sox		 $ 		FALSE	 TRUE 	TRUE	$10.60		TRUE	$1.00	FALSE	Off center (a little high)				
261	Gene Stephens	Boston Red Sox		5.00		FALSE	 FALSE 	FALSE			FALSE		FALSE					
262	Drysdale, Podres, Labine	Los Angeles Dodgers	Hitters' Foes	5.00		FALSE	 TRUE 	FALSE	$8.43		FALSE		FALSE	Nice				
263	Bud Daley	Kansas City Athletics		5.00		FALSE	 TRUE 	TRUE	$3.00		FALSE		FALSE					
264	Chico Carrasquel	Baltimore Orioles		5.00		FALSE	 TRUE 	TRUE	$1.00		FALSE		FALSE					
265	Ron Kline	Pittsburgh Pirates				FALSE	 TRUE 	TRUE	$3.43		FALSE		FALSE	Off center LR 60/40				
266	Woodie Held	Cleveland Indians		5.00		FALSE	 FALSE 	FALSE			FALSE		FALSE					
267	John Romonosky	Washington Senators	RC			FALSE	 TRUE 	TRUE	$2.27		FALSE		FALSE					
268	Tito Francona	Detroit Tigers 		5.00		FALSE	 TRUE 	TRUE	$5.77		FALSE		FALSE					
269	Jack Meyer	Philadelphia Phillies		5.00		FALSE	 FALSE 	FALSE			FALSE		FALSE					
270	Gil Hodges	Los Angeles Dodgers		5.00		FALSE	 FALSE 	FALSE			FALSE		FALSE					
271	Orlando Pena	Cincinnati Redlegs	RC	5.00		FALSE	 FALSE 	FALSE			FALSE		FALSE					
272	Jerry Lumpe	New York Yankees		5.00		FALSE	 FALSE 	FALSE			FALSE		FALSE					
273	Joe Jay	Milwaukee Braves		5.00		FALSE	 FALSE 	FALSE			FALSE		FALSE					
274	Jerry Kindall	San Francisco Giants				FALSE	 TRUE 	TRUE	$5.90		FALSE		FALSE					
275	Jack Sanford	San Francisco Giants		5.00		FALSE	 FALSE 	FALSE			FALSE		FALSE					
276	Pete Daley	Boston Red Sox				FALSE	 TRUE 	TRUE	$2.40		FALSE		FALSE					
277	Turk Lown	Chicago White Sox				FALSE	 TRUE 	TRUE	$2.64		TRUE	$1.00	FALSE					
278	Chuck Essegian	St. Louis Cardinals		5.00		FALSE	 FALSE 	FALSE			FALSE		FALSE					
279	Ernie Johnson	Baltimore Orioles		5.00		FALSE	 FALSE 	FALSE			FALSE		FALSE					
280	Frank Bolling	Detroit Tigers 		5.00		FALSE	 FALSE 	FALSE			FALSE		FALSE					
281	Walt Craddock	Kansas City Athletics	RC			FALSE	 TRUE 	TRUE	$6.61		FALSE		FALSE	Off center				
282	R.C. Stevens	Pittsburgh Pirates		5.00		FALSE	 FALSE 	FALSE			FALSE		FALSE					
283	Russ Heman	Cleveland Indians	RC	5.00		FALSE	 TRUE 	TRUE	$4.61		FALSE		FALSE					
284	Steve Korcheck	Washington Senators		5.00		FALSE	 TRUE 	TRUE	$1.98		FALSE		FALSE					
285	Joe Cunningham	St. Louis Cardinals				FALSE	 TRUE 	TRUE	$2.37		FALSE		FALSE					
286	Dean Stone	Boston Red Sox		5.00		FALSE	 FALSE 	FALSE			FALSE		FALSE					
287	Don Zimmer	Los Angeles Dodgers		 $ 		FALSE	 TRUE 	TRUE	$7.00		TRUE	$6.00	FALSE	Multiple dupes				
288	Dutch Dotterer	Cincinnati Redlegs		5.00		FALSE	 TRUE 	TRUE	$12.88		FALSE		FALSE	Really nice card				
289	Johnny Kucks	New York Yankees				FALSE	 TRUE 	TRUE	$3.45		FALSE		FALSE					
290	Wes Covington	Milwaukee Braves		5.00		FALSE	 TRUE 	TRUE			FALSE		FALSE					
291	Pedro Ramos, Pascual	Washington Senators	Pitching Partners	5.00		FALSE	 FALSE 	FALSE	$3.10		FALSE		FALSE					
292	Dick Williams	Kansas City Athletics		5.00		FALSE	 TRUE 	TRUE	$3.00		FALSE		FALSE					
293	Ray Moore	Chicago White Sox		5.00		FALSE	 TRUE 	TRUE	$1.50		FALSE		FALSE					
294	Hank Foiles	Pittsburgh Pirates				FALSE	 TRUE 	TRUE	$3.43		FALSE		FALSE	Off center LR 60/40				
295	Billy Martin	Cleveland Indians		5.00		FALSE	 TRUE 	TRUE	$16.38		FALSE		FALSE					
296	Ernie Broglio	St. Louis Cardinals	RC	5.00		FALSE	 TRUE 	TRUE	$3.00		FALSE		FALSE					
297	Jackie Brandt	San Francisco Giants	RC			FALSE	 TRUE 	TRUE	$3.50		FALSE		FALSE	Off center LR 60/40				
298	Tex Clevenger	Washington Senators		5.00		FALSE	 TRUE 	TRUE	$5.83		FALSE		FALSE					
299	Billy Klaus	Baltimore Orioles 		5.00		FALSE	 FALSE 	FALSE			FALSE		FALSE					
300	Richie Ashburn	Philadelphia Phillies		5.00		FALSE	 FALSE 	FALSE			FALSE		FALSE					
301	Earl Averill Jr.	Chicago Cubs	RC			FALSE	 TRUE 	TRUE	$2.25		FALSE		FALSE					
302	Don Mossi	Detroit Tigers 	UER			FALSE	 TRUE 	TRUE	$3.98		FALSE		FALSE					
303	Marty Keough	Boston Red Sox		5.00		FALSE	 FALSE 	FALSE			FALSE		FALSE					
304	Chicago Cubs (1903-)	Chicago Cubs	TC			FALSE	 TRUE 	TRUE	$4.24		FALSE		FALSE					
305	Curt Raydon	Pittsburgh Pirates	RC			FALSE	 TRUE 	TRUE	$1.51		TRUE	$1.87	FALSE					
306	Jim Gilliam	Los Angeles Dodgers				FALSE	 TRUE 	TRUE	$4.16		FALSE		FALSE					
307	Curt Barclay	San Francisco Giants		5.00		FALSE	 FALSE 	FALSE			FALSE		FALSE					
308	Norm Siebern	New York Yankees		5.00		FALSE	 FALSE 	FALSE			FALSE		FALSE					
309	Sal Maglie	St. Louis Cardinals		5.00		FALSE	 FALSE 	FALSE			FALSE		FALSE					
310	Luis Aparicio	Chicago White Sox		5.00		FALSE	 TRUE 	TRUE	$37.09	PSA 5	FALSE		FALSE					
311	Norm Zauchin	Washington Senators		5.00		FALSE	 FALSE 	FALSE			FALSE		FALSE					
312	Don Newcombe	Cincinnati Redlegs		5.00		FALSE	 FALSE 	FALSE			FALSE		FALSE					
313	Frank House	Kansas City Athletics				FALSE	 TRUE 	TRUE	$1.51		FALSE		FALSE	Somewhat offcenter				
314	Don Cardwell	Philadelphia Phillies				FALSE	 TRUE 	TRUE	$1.51		FALSE		FALSE					
315	Joe Adcock	Milwaukee Braves				FALSE	 TRUE 	TRUE	$1.93		FALSE		FALSE	Somewhat offcenter				
316	Ralph Lumenti	Washington Senators	Variation (a)			FALSE	 TRUE 	TRUE	$4.18		FALSE		FALSE					
317	Ashburn and Mays	Philadelphia Phillies	N.L. Hitting Kings	5.00		FALSE	 FALSE 	FALSE			FALSE		FALSE					
318	Rocky Bridges	Detroit Tigers 		5.00		FALSE	 FALSE 	FALSE			FALSE		FALSE					
319	Dave Hillman	Chicago Cubs		5.00		FALSE	 FALSE 	FALSE			FALSE		FALSE					
320	Bob Skinner	Pittsburgh Pirates		5.00		FALSE	 FALSE 	FALSE			FALSE		FALSE					
321	Bob Giallombardo	Los Angeles Dodgers	RC - variation (a)			TRUE	 TRUE 	TRUE	$1.51		FALSE		FALSE	Very off center - replace				
322	Harry Hanebrink	Milwaukee Braves	Variation (b)	5.00		FALSE	 FALSE 	FALSE			FALSE		FALSE					
323	Frank Sullivan	Boston Red Sox		5.00		FALSE	 FALSE 	FALSE			FALSE		FALSE					
324	Don Demeter	Los Angeles Dodgers				FALSE	 TRUE 	TRUE	$4.23		FALSE		FALSE					
325	Ken Boyer	St. Louis Cardinals		5.00		FALSE	 TRUE 	TRUE	$3.00		FALSE		FALSE					
326	Marv Throneberry	New York Yankees				FALSE	 TRUE 	TRUE	$5.11		FALSE		FALSE					
327	Gary Bell	Cleveland Indians	RC	5.00		FALSE	 FALSE 	FALSE			FALSE		FALSE					
328	Lou Skizas	Chicago White Sox		5.00		FALSE	 TRUE 	TRUE	$1.00		FALSE		FALSE					
329	Detroit Tigers (1901-)	Detroit Tigers 	TC	5.00		FALSE	 TRUE 	TRUE	$4.23		FALSE		FALSE					
330	Gus Triandos	Baltimore Orioles 		5.00		FALSE	 FALSE 	FALSE			FALSE		FALSE					
331	Steve Boros	Detroit Tigers 		5.00		FALSE	 TRUE 	TRUE	$3.91		FALSE		FALSE					
332	Ray Monzant	San Francisco Giants		5.00		FALSE	 FALSE 	FALSE			FALSE		FALSE					
333	Harry Simpson	Kansas City Athletics		5.00		FALSE	 FALSE 	FALSE			FALSE		FALSE					
334	Glen Hobbie	Chicago Cubs		5.00		FALSE	 TRUE 	TRUE	$4.49		FALSE		FALSE					
335	Johnny Temple	Cincinnati Redlegs		5.00		FALSE	 TRUE 	TRUE	$5.83		FALSE		FALSE					
336A	Billy Loes	Baltimore Orioles 		5.00		FALSE	 FALSE 	FALSE			FALSE		FALSE					
337	George Crowe	St. Louis Cardinals				FALSE	 TRUE 	TRUE	$3.71		FALSE		FALSE					
338	Sparky Anderson	Philadelphia Phillies	RC	30.00		FALSE	 TRUE 	TRUE	$27.56		FALSE		FALSE					
339	Roy Face	Pittsburgh Pirates		5.00		FALSE	 FALSE 	FALSE			FALSE		FALSE					
340	Roy Sievers	Washington Senators		5.00		FALSE	 TRUE 	TRUE	$2.11		FALSE		FALSE					
341	Tom Qualters	Chicago White Sox				FALSE	 TRUE 	TRUE	$1.91		TRUE	$1.50	FALSE					
342	Ray Jablonski	San Francisco Giants		5.00		FALSE	 FALSE 	FALSE			FALSE		FALSE					
343	Billy Hoeft	Detroit Tigers 				FALSE	 TRUE 	TRUE	$1.93		FALSE		FALSE					
344	Russ Nixon	Cleveland Indians		5.00		FALSE	 FALSE 	FALSE			FALSE		FALSE					
345	Gil McDougald	New York Yankees		5.00		FALSE	 FALSE 	FALSE			FALSE		FALSE					
346	Brewer and Sisler	Boston Red Sox	Batter Bafflers	5.00		FALSE	 TRUE 	TRUE	$7.46		FALSE		FALSE					
347	Bob Buhl	Milwaukee Braves		5.00		FALSE	 FALSE 	FALSE			FALSE		FALSE					
348	Ted Lepcio	Boston Red Sox				TRUE	 TRUE 	TRUE	$5.30		FALSE		FALSE	70/30 LR				
349	Hoyt Wilhelm	Baltimore Orioles 				FALSE	 TRUE 	TRUE	$14.63		FALSE	$6.69	FALSE	Upgraded from poor to nm				
350	Ernie Banks	Chicago Cubs				FALSE	 TRUE 	TRUE	$50.00		FALSE		FALSE					
351	Earl Torgeson	Chicago White Sox				FALSE	 TRUE 	TRUE	$4.17		TRUE	$1.51	FALSE	Multiples				
352	Robin Roberts	Philadelphia Phillies		5.00		FALSE	 FALSE 	FALSE			FALSE		FALSE					
353	Curt Flood	St. Louis Cardinals		5.00		FALSE	 FALSE 	FALSE			FALSE		FALSE					
354	Pete Burnside	Detroit Tigers 				FALSE	 TRUE 	TRUE	$4.17		FALSE		FALSE					
355	Jim Piersall	Cleveland Indians		5.00		FALSE	 TRUE 	TRUE	$3.00		FALSE		FALSE					
356	Bob Mabe	Cincinnati Redlegs	RC	5.00		FALSE	 FALSE 	FALSE			FALSE		FALSE					
357	Dick Stuart	Pittsburgh Pirates	RC	5.00		FALSE	 FALSE 	FALSE			FALSE		FALSE					
358	Ralph Terry	Kansas City Athletics		5.00		FALSE	 FALSE 	FALSE			FALSE		FALSE					
359	Bill White	San Francisco Giants	RC	5.00		FALSE	 FALSE 	FALSE			FALSE		FALSE					
360	Al Kaline	Detroit Tigers 		 $$$ 		FALSE	 TRUE 	TRUE	$28.99		FALSE		FALSE					
361	Willard Nixon	Boston Red Sox				FALSE	 TRUE 	TRUE	$1.51		FALSE		FALSE	A little off center, soft corner				
362A	Dolan Nichols	Chicago Cubs	RC			FALSE	 TRUE 	TRUE	$1.51		FALSE		FALSE					
363	Bobby Avila	Baltimore Orioles 		5.00		FALSE	 FALSE 	FALSE			FALSE		FALSE					
364	Danny McDevitt	Los Angeles Dodgers		5.00		FALSE	 FALSE 	FALSE			FALSE		FALSE					
365	Gus Bell	Cincinnati Redlegs		5.00		FALSE	 TRUE 	TRUE	$3.10		FALSE		FALSE					
366	Humberto Robinson	Milwaukee Braves		5.00		FALSE	 TRUE 	TRUE	$1.87		TRUE	$2.75	FALSE					
367	Cal Neeman	Chicago Cubs		5.00		FALSE	 TRUE 	TRUE	$6.63		FALSE		FALSE					
368	Don Mueller	Chicago White Sox		5.00		TRUE	 TRUE 	TRUE	$1.50		FALSE		FALSE	Off center				
369	Dick Tomanek	Kansas City Athletics		5.00		FALSE	 FALSE 	FALSE			FALSE		FALSE					
370	Pete Runnels	Boston Red Sox		5.00		FALSE	 FALSE 	FALSE			FALSE		FALSE					
371	Dick Brodowski	Cleveland Indians				FALSE	 TRUE 	TRUE	$2.96		FALSE		FALSE					
372	Jim Hegan	Philadelphia Phillies		5.00		FALSE	 FALSE 	FALSE			FALSE		FALSE					
373	Herb Plews	Washington Senators		5.00		FALSE	 FALSE 	FALSE	$2.11		FALSE		FALSE					
374	Art Ditmar	New York Yankees				FALSE	 TRUE 	TRUE	$3.13		FALSE		FALSE					
375	Bob Nieman	Baltimore Orioles 				FALSE	 TRUE 	TRUE	$7.42		FALSE		FALSE	Autographed				
376	Hal Naragon	Cleveland Indians		5.00		FALSE	 TRUE 	TRUE	$6.20		FALSE		FALSE					
377	Johnny Antonelli	San Francisco Giants		5.00		FALSE	 FALSE 	FALSE			FALSE		FALSE					
378	Gail Harris	Detroit Tigers 		5.00		FALSE	 TRUE 	TRUE	$2.75		FALSE		FALSE					
379	Bob Miller	St. Louis Cardinals				FALSE	 TRUE 	TRUE	$3.71		FALSE		FALSE					
380	Hank Aaron	Milwaukee Braves		 $$$$$ 		FALSE	 FALSE 	FALSE			FALSE		FALSE					
381	Mike Baxes	Kansas City Athletics		5.00		FALSE	 FALSE 	FALSE			FALSE		FALSE					
382	Curt Simmons	Philadelphia Phillies				FALSE	 TRUE 	TRUE	$3.82		FALSE		FALSE					
383	Larsen, Stengel	New York Yankees	Words of Wisdom	5.00		FALSE	 TRUE 	TRUE	$1.87		FALSE		FALSE					
384	Dave Sisler	Boston Red Sox		5.00		FALSE	 FALSE 	FALSE			FALSE		FALSE					
385	Sherm Lollar	Chicago White Sox				FALSE	 TRUE 	TRUE	$1.51		TRUE	$1.50	FALSE					
386	Jim Delsing	Washington Senators		5.00		FALSE	 FALSE 	FALSE			FALSE		FALSE					
387	Don Drysdale	Los Angeles Dodgers		5.00		FALSE	 TRUE 	TRUE	$8.00		FALSE		FALSE	With rolodex holes, filler				
388	Bob Will	Chicago Cubs	RC	5.00		FALSE	 FALSE 	FALSE			FALSE		FALSE					
389	Joe Nuxhall	Cincinnati Redlegs		5.00		FALSE	 TRUE 	TRUE	$5.00		FALSE		FALSE					
390	Orlando Cepeda	San Francisco Giants		 $$ 		FALSE	 TRUE 	TRUE	$11.97		TRUE	$13.55	FALSE	Several dupes of various quality				
391	Milt Pappas	Baltimore Orioles 				FALSE	 TRUE 	TRUE	$5.30		TRUE	$1.51	FALSE					
392	Whitey Herzog	Kansas City Athletics		5.00		FALSE	 FALSE 	FALSE			FALSE		TRUE					
393	Frank Lary	Detroit Tigers 				FALSE	 TRUE 	TRUE	$1.93		FALSE		FALSE					
394	Randy Jackson	Cleveland Indians				FALSE	 TRUE 	TRUE	$3.29		FALSE		FALSE	Corner dented				
395	Elston Howard	New York Yankees				FALSE	 TRUE 	TRUE	$3.45		FALSE		FALSE	A little off center				
396	Bob Rush	Milwaukee Braves		5.00		FALSE	 FALSE 	FALSE			FALSE		FALSE					
397	Washington Senators	Washington Senators	TC	5.00		FALSE	 FALSE 	FALSE			FALSE		FALSE					
398	Wally Post	Philadelphia Phillies				FALSE	 TRUE 	TRUE	$5.58		FALSE		FALSE	Somewhat faded				
399	Larry Jackson	St. Louis Cardinals				FALSE	 TRUE 	TRUE	$1.93		FALSE		FALSE	Offcenter (top)				
400	Jackie Jensen	Boston Red Sox		5.00		FALSE	 FALSE 	FALSE			FALSE		FALSE					
401	Ron Blackburn	Pittsburgh Pirates				FALSE	 TRUE 	TRUE	$2.39		FALSE		FALSE					
402	Hector Lopez	Kansas City Athletics				FALSE	 TRUE 	TRUE	$3.09		FALSE		FALSE					
403	Clem Labine	Los Angeles Dodgers		5.00		FALSE	 FALSE 	FALSE			FALSE		FALSE					
404	Hank Sauer	San Francisco Giants		5.00		FALSE	 TRUE 	TRUE	$6.36		FALSE		FALSE					
405	Roy McMillan	Cincinnati Redlegs		5.00		FALSE	 TRUE 	FALSE	$0.96		FALSE	 COMC 	FALSE					
406	Solly Drake	Los Angeles Dodgers		5.00		FALSE	 TRUE 	TRUE	$4.23		FALSE		FALSE					
407	Moe Drabowsky	Chicago Cubs		5.00		FALSE	 TRUE 	TRUE	$3.55		FALSE		FALSE					
408	Fox, Aparicio	Chicago White Sox	Keystone Combo	5.00		FALSE	 TRUE 	TRUE	$2.00		FALSE		FALSE					
409	Gus Zernial	Detroit Tigers 				FALSE	 TRUE 	TRUE	$3.16		FALSE		FALSE					
410	Billy Pierce	Chicago White Sox				FALSE	 TRUE 	TRUE	$3.60		TRUE	$1.50	FALSE					
411	Whitey Lockman	Baltimore Orioles 				FALSE	 TRUE 	TRUE	$3.60		FALSE		FALSE					
412	Stan Lopata	Philadelphia Phillies				FALSE	 TRUE 	TRUE	$3.60		FALSE		FALSE	Traded version				
413	Camilo Pascual	Washington Senators		5.00		FALSE	 TRUE 	FALSE	$2.14		FALSE		FALSE	COMC				
414	Dale Long	Chicago Cubs				FALSE	 TRUE 	TRUE	$3.60		TRUE	$2.27	TRUE					
415	Bill Mazeroski	Pittsburgh Pirates		5.00		FALSE	 TRUE 	TRUE	$8.00		FALSE		FALSE					
416A	Haywood Sullivan	Boston Red Sox				FALSE	 TRUE 	TRUE	$2.27		FALSE		FALSE					
417	Virgil Trucks	New York Yankees				FALSE	 TRUE 	TRUE	$3.60		FALSE		FALSE					
418	Gino Cimoli	St. Louis Cardinals				FALSE	 TRUE 	TRUE	$3.60		FALSE		FALSE					
419	Milwaukee Braves	Milwaukee Braves	TC			FALSE	 TRUE 	TRUE	$7.62		FALSE		FALSE					
420	Rocco Colavito	Cleveland Indians		5.00		FALSE	 FALSE 	FALSE			FALSE		FALSE					
421	Herm Wehmeier	Detroit Tigers 				FALSE	 TRUE 	TRUE	$3.60		TRUE	$1.51	FALSE					
422	Hobie Landrith	San Francisco Giants				FALSE	 TRUE 	TRUE	$3.60		TRUE	$1.86	FALSE	A little off center (high)				
423	Bob Grim	Kansas City Athletics		5.00		FALSE	 TRUE 	TRUE	$2.11		FALSE		FALSE					
424	Ken Aspromonte	Washington Senators				FALSE	 TRUE 	TRUE	$3.98		FALSE		FALSE	Off center				
425	Del Crandall	Milwaukee Braves				FALSE	 TRUE 	TRUE	$3.60		FALSE		FALSE	Off center				
426	Jerry Staley	Chicago White Sox				FALSE	 TRUE 	TRUE	$6.61		TRUE	$1.51	FALSE	Multiples				
427	Charlie Neal	Los Angeles Dodgers				FALSE	 TRUE 	TRUE	$4.16		FALSE		FALSE	60/40 LR				
428	Face, Law, Kline, & Friend	Pittsburgh Pirates	Buc Hill Aces	5.00		FALSE	 FALSE 	FALSE			FALSE		FALSE					
429	Bobby Thomson	Chicago Cubs				FALSE	 TRUE 	TRUE	$5.30		FALSE		FALSE	60/40 LR				
430	Whitey Ford	New York Yankees		5.00		FALSE	 FALSE 	FALSE			FALSE		FALSE					
431	Whammy Douglas	Cincinnati Redlegs		5.00		FALSE	 FALSE 	FALSE			FALSE		FALSE					
432	Smoky Burgess	Pittsburgh Pirates				FALSE	 TRUE 	TRUE	$3.60		FALSE		FALSE	60/40 LR				
433	Billy Harrell	St. Louis Cardinals				FALSE	 TRUE 	TRUE	$3.60		FALSE		FALSE	Off center				
434	Hal Griggs	Washington Senators				TRUE	 TRUE 	TRUE	$1.51		FALSE		FALSE	70/30 LR				
435	Frank Robinson	Cincinnati Redlegs		$25-30		FALSE	 TRUE 	TRUE	$18.02		FALSE		FALSE					
436	Granny Hamner	Philadelphia Phillies		5.00		FALSE	 TRUE 	TRUE	$3.00		FALSE		FALSE				431	Whammy Douglas
437	Ike Delock	Boston Red Sox				FALSE	 TRUE 	TRUE	$1.51		FALSE		FALSE				436	Granny Hamner
438	Sam Esposito	Chicago White Sox				FALSE	 TRUE 	TRUE	$4.17		TRUE	$1.93	FALSE				441	John Roseboro
439	Brooks Robinson	Baltimore Orioles 		40.00		FALSE	 TRUE 	FALSE	$53.42		FALSE		FALSE				444	Ron Hansen
440	Lou Burdette	Milwaukee Braves		5.00		FALSE	 FALSE 	FALSE			FALSE		FALSE				446	Rocky Nelson
441	John Roseboro	Los Angeles Dodgers		5.00		FALSE	 FALSE 	FALSE			FALSE		FALSE				449	Tom Gorman
442	Ray Narleski	Detroit Tigers 				FALSE	 TRUE 	TRUE	$1.93		FALSE		FALSE				451	Jim Constable
443	Daryl Spencer	San Francisco Giants		5.00		FALSE	 TRUE 	TRUE	$3.10		FALSE		FALSE				452	Chico Fernandez
444	Ron Hansen	Baltimore Orioles 	RC	5.00		FALSE	 TRUE 	TRUE	$2.00		FALSE		FALSE				454	Phil Clark
445	Cal McLish	Cleveland Indians				FALSE	 TRUE 	TRUE	$2.96		FALSE		FALSE				459	Bill Tuttle
446	Rocky Nelson	Pittsburgh Pirates		5.00		FALSE	 TRUE 	TRUE	$2.00		FALSE		FALSE				479	Lindy McDaniel
447	Bob Anderson	Chicago Cubs				TRUE	 TRUE 	TRUE	$1.60		FALSE		FALSE	Very off center - replace			484	Willie Kirkland
448	Vada Pinson	Cincinnati Redlegs				FALSE	 TRUE 	TRUE	$2.00		FALSE		FALSE				485	Ryne Duren
449	Tom Gorman	Kansas City Athletics		5.00		FALSE	 TRUE 	TRUE	$2.00		FALSE		FALSE				486	Sammy White
450	Eddie Mathews	Milwaukee Braves		45.00		FALSE	 FALSE 	FALSE			FALSE		FALSE					
451	Jim Constable	Washington Senators	RC	5.00		FALSE	 TRUE 	TRUE	$2.00		FALSE		FALSE					
452	Chico Fernandez	Philadelphia Phillies		5.00		FALSE	 TRUE 	TRUE	$2.00		FALSE		FALSE					
453	Les Moss	Chicago White Sox				FALSE	 TRUE 	TRUE	$3.60		TRUE	$1.50	FALSE					
454	Phil Clark	St. Louis Cardinals		5.00		FALSE	 TRUE 	TRUE	$2.00		FALSE		FALSE					
455	Larry Doby	Detroit Tigers 		 $$ 		FALSE	 TRUE 	TRUE	$8.00		FALSE		FALSE					
456	Jerry Casale	Boston Red Sox	RC	5.00		FALSE	 FALSE 	FALSE			FALSE		FALSE					
457	Los Angeles Dodgers	Los Angeles Dodgers	TC	5.00		FALSE	 FALSE 	FALSE			FALSE		FALSE					
458	Gordon Jones	San Francisco Giants				FALSE	 TRUE 	TRUE	$4.66		FALSE		FALSE					
459	Bill Tuttle	Kansas City Athletics		5.00		FALSE	 TRUE 	TRUE	$2.00		FALSE		FALSE					
460	Bob Friend	Pittsburgh Pirates		5.00		FALSE	 TRUE 	TRUE	$4.97		FALSE		FALSE					
461	Mickey Mantle	New York Yankees	Thrills - Mantle Hits 42nd	 $$ 		FALSE	 TRUE 	TRUE	$100.00		FALSE		FALSE					
462	Rocky Colavito	Cleveland Indians	Thrills - Colavito's Catch			FALSE	 TRUE 	TRUE	$3.33		FALSE		FALSE					
463	Al Kaline	Detroit Tigers 	Thrills - Kaline Bat Champ	5.00		FALSE	 FALSE 	FALSE			FALSE		FALSE					
464	Willie Mays	San Francisco Giants	Thrills - Mays Catch	5.00		FALSE	 FALSE 	FALSE			FALSE		FALSE					
465	Roy Sievers	Washington Senators	Thrills - Sievers HR Mark			FALSE	 TRUE 	TRUE	$3.33		FALSE		FALSE					
466	Billy Pierce	Chicago White Sox	Thrills - Pierce All Star			FALSE	 TRUE 	TRUE	$6.36		FALSE		FALSE					
467	Hank Aaron	Milwaukee Braves	Thrills - Aaron WS HR	5.00		FALSE	 FALSE 	FALSE			FALSE		FALSE					
468	Duke Snider	Los Angeles Dodgers	Thrills - Snider's Play 	5.00		FALSE	 FALSE 	FALSE			FALSE		FALSE					
469	Ernie Banks	Chicago Cubs	Thrills Banks M.V.P.	5.00		FALSE	 TRUE 	FALSE	$23.14		FALSE		FALSE					
470	Stan Musial	St. Louis Cardinals	Thrills - 3,000th Hit	5.00		FALSE	 TRUE 	TRUE	$7.71		FALSE		FALSE					
471	Tom Sturdivant	New York Yankees		5.00		FALSE	 TRUE 	FALSE	$3.70		FALSE		FALSE					
472	Gene Freese	Philadelphia Phillies		5.00		FALSE	 TRUE 	TRUE	$6.38		FALSE		FALSE					
473	Mike Fornieles	Boston Red Sox				TRUE	 TRUE 	TRUE	$1.86		TRUE	$1.93	FALSE	70/30 LR				
474	Moe Thacker	Chicago Cubs	RC			FALSE	 TRUE 	TRUE	$3.60		FALSE		FALSE	60/40 LR				
475	Jack Harshman	Baltimore Orioles 		5.00		FALSE	 TRUE 	TRUE	$2.22		FALSE		FALSE					
476	Cleveland Indians	Cleveland Indians	TC	5.00		FALSE	 TRUE 	TRUE	$5.57		FALSE		FALSE					
477	Barry Latman	Chicago White Sox	RC	5.00		FALSE	 TRUE 	TRUE	$2.22		TRUE	$1.00	FALSE					
478	Roberto Clemente	Pittsburgh Pirates		 $$$$ 		FALSE	 TRUE 	TRUE	$99.72		FALSE		FALSE					
479	Lindy McDaniel	St. Louis Cardinals		5.00		FALSE	 TRUE 	TRUE	$2.00		FALSE		FALSE					
480	Red Schoendienst	Milwaukee Braves				FALSE	 TRUE 	TRUE	$9.00		FALSE		FALSE					
481	Charlie Maxwell	Detroit Tigers 				FALSE	 TRUE 	TRUE	$3.60		FALSE		FALSE					
482	Russ Meyer	Kansas City Athletics		5.00		FALSE	 TRUE 	TRUE	$3.55		FALSE		FALSE					
483	Clint Courtney	Washington Senators				FALSE	 TRUE 	TRUE	$4.97		TRUE	$2.27	FALSE					
484	Willie Kirkland	San Francisco Giants		5.00		FALSE	 TRUE 	TRUE	$2.00		FALSE		FALSE					
485	Ryne Duren	New York Yankees		5.00		FALSE	 TRUE 	TRUE	$2.00		FALSE		FALSE					
486	Sammy White	Boston Red Sox		5.00		FALSE	 TRUE 	TRUE	$2.00		FALSE		FALSE					
487	Hal Brown	Baltimore Orioles 		5.00		FALSE	 FALSE 	FALSE			FALSE		FALSE					
488	Walt Moryn	Chicago Cubs		5.00		FALSE	 FALSE 	FALSE			FALSE		FALSE					
489	John Powers	Cincinnati Redlegs				FALSE	 TRUE 	TRUE	$3.29		FALSE		FALSE					
490	Frank Thomas	Cincinnati Redlegs		5.00		FALSE	 TRUE 	TRUE	$4.24		FALSE		FALSE					
491	Don Blasingame	St. Louis Cardinals		5.00		FALSE	 FALSE 	FALSE			FALSE		FALSE					
492	Gene Conley	Philadelphia Phillies		5.00		FALSE	 TRUE 	TRUE	$3.98		FALSE		FALSE					
493	Jim Landis	Chicago White Sox				FALSE	 TRUE 	TRUE	$3.17		TRUE	$1.50	FALSE					
494	Don Pavletich	Cincinnati Redlegs	RC			FALSE	 TRUE 	TRUE	$1.92		FALSE		FALSE					
495	Johnny Podres	Los Angeles Dodgers		5.00		FALSE	 FALSE 	FALSE			FALSE		FALSE					
496	Wayne Terwilliger	Kansas City Athletics		5.00		FALSE	 FALSE 	FALSE			FALSE		FALSE					
497	Hal R. Smith	St. Louis Cardinals		5.00		FALSE	 TRUE 	TRUE	$3.00		FALSE		FALSE					
498	Dick Hyde	Washington Senators		5.00		FALSE	 TRUE 	TRUE	$3.00		FALSE		FALSE					
499	Johnny O'Brien	Milwaukee Braves		5.00		FALSE	 TRUE 	TRUE	$3.00		FALSE		FALSE					
500	Vic Wertz	Boston Red Sox		5.00		FALSE	 FALSE 	FALSE			FALSE		FALSE					
501	Bobby Tiefenauer	Cleveland Indians	RC	5.00		FALSE	 TRUE 	TRUE	$3.00		FALSE		FALSE					
502	Alvin Dark	Chicago Cubs				FALSE	 TRUE 	TRUE	$2.75		FALSE		FALSE					
503	Jim Owens	Philadelphia Phillies				FALSE	 TRUE 	TRUE	$5.00		FALSE		FALSE					
504	Ossie Alvarez	Detroit Tigers 	RC			FALSE	 TRUE 	TRUE	$1.93		FALSE		FALSE					
505	Tony Kubek	New York Yankees		5.00		FALSE	 FALSE 	FALSE			FALSE		FALSE					
506	Bob Purkey	Cincinnati Redlegs				FALSE	 TRUE 	TRUE	$5.00		FALSE		FALSE					
507	Bob Hale	Baltimore Orioles 		7.00		FALSE	 FALSE 	FALSE			FALSE		FALSE					
508	Art Fowler	Los Angeles Dodgers		7.00		FALSE	 FALSE 	FALSE			FALSE		FALSE					
509	Norm Cash	Chicago White Sox	RC	7.00		FALSE	 FALSE 	FALSE			FALSE		FALSE					
510	New York Yankees	New York Yankees	TC	7.00		FALSE	 FALSE 	FALSE			FALSE		FALSE					
511	George Susce	Detroit Tigers 		7.00		FALSE	 FALSE 	FALSE			FALSE		FALSE					
512	George Altman	Chicago Cubs	RC			FALSE	 TRUE 	TRUE	$4.77		FALSE		FALSE					
513	Tommy Carroll	Kansas City Athletics				FALSE	 TRUE 	TRUE	$1.87		FALSE		FALSE					
514	Bob Gibson	St. Louis Cardinals	RC	 $$$$$ 		FALSE	 FALSE 	FALSE			FALSE		FALSE					
515	Harmon Killebrew	Washington Senators		 $$ 		FALSE	 FALSE 	FALSE			FALSE		FALSE					
516	Mike Garcia	Cleveland Indians		7.00		FALSE	 FALSE 	FALSE			FALSE		FALSE					
517	Joe Koppe	Philadelphia Phillies	RC			FALSE	 TRUE 	TRUE	$1.87		FALSE		FALSE					
518	Mike Cuellar	Cincinnati Redlegs	RC	7.00		FALSE	 FALSE 	FALSE			FALSE		FALSE					
519	Malzone, Runnels, Gernert	Boston Red Sox	Infield Power	7.00		FALSE	 FALSE 	FALSE			FALSE		FALSE					
520	Don Elston	Chicago Cubs				FALSE	 TRUE 	TRUE	$7.20		FALSE		FALSE					
521	Gary Geiger	Boston Red Sox		7.00		FALSE	 FALSE 	FALSE			FALSE		FALSE					
522	Gene Snyder	Los Angeles Dodgers	RC	7.00		FALSE	 FALSE 	FALSE			FALSE		FALSE					
523	Harry Bright	Pittsburgh Pirates	RC	7.00		FALSE	 TRUE 	TRUE	$6.35		FALSE		FALSE					
524	Larry Osborne	Detroit Tigers 	RC	7.00		FALSE	 FALSE 	FALSE			FALSE		FALSE					
525	Jim Coates	New York Yankees	RC	7.00		FALSE	 FALSE 	FALSE			FALSE		FALSE					
526	Bob Speake	San Francisco Giants		7.00		FALSE	 TRUE 	TRUE	$1.87		FALSE		FALSE					
527	Solly Hemus	St. Louis Cardinals		7.00		FALSE	 FALSE 	FALSE			FALSE		FALSE					
528	Pittsburgh Pirates	Pittsburgh Pirates	TC	7.00		FALSE	 FALSE 	FALSE			FALSE		FALSE					
529	George Bamberger	Baltimore Orioles 	RC			FALSE	 TRUE 	TRUE	$10.60		FALSE		FALSE					
530	Wally Moon	Los Angeles Dodgers				FALSE	 TRUE 	TRUE	$6.61		FALSE		FALSE	Fair condition, autographed				
531	Ray Webster	Cleveland Indians	RC	7.00		FALSE	 FALSE 	FALSE			FALSE		FALSE					
532	Mark Freeman	Kansas City Athletics	RC	7.00		FALSE	 TRUE 	FALSE	$10.58		FALSE		FALSE					
533	Darrell Johnson	New York Yankees		7.00		FALSE	 FALSE 	FALSE			FALSE		FALSE					
534	Faye Throneberry	Washington Senators		7.00		FALSE	 FALSE 	FALSE			FALSE		FALSE					
535	Ruben Gomez	Philadelphia Phillies				FALSE	 TRUE 	TRUE	$8.38		FALSE		FALSE	60/40 LR				
536	Danny Kravitz	Pittsburgh Pirates		7.00		FALSE	 FALSE 	FALSE			FALSE		FALSE					
537	Rodolfo Arias	Chicago White Sox	RC	7.00		FALSE	 TRUE 	TRUE	$6.35		TRUE	$1.00	FALSE					
538	Chick King	Chicago Cubs		7.00		FALSE	 FALSE 	FALSE			FALSE		FALSE					
539	Gary Blaylock	St. Louis Cardinals	RC	7.00		FALSE	 FALSE 	FALSE			FALSE		FALSE					
540	Willy Miranda	Baltimore Orioles 		7.00		FALSE	 FALSE 	FALSE			FALSE		FALSE					
541	Bob Thurman	Cincinnati Redlegs		7.00		FALSE	 TRUE 	TRUE	$6.35		FALSE		FALSE					
542	Jim Perry	Cleveland Indians	RC	7.00		FALSE	 FALSE 	FALSE			FALSE		FALSE					
543	Roberto Clemente	Pittsburgh Pirates	Corsair Outfield	7.00		FALSE	 FALSE 	FALSE			FALSE		FALSE					
543	Bob Skinner	Pittsburgh Pirates	Corsair Outfield	7.00		FALSE	 FALSE 	FALSE			FALSE		FALSE					
543	Bill Virdon	Pittsburgh Pirates	Corsair Outfield	7.00		FALSE	 FALSE 	FALSE			FALSE		FALSE					
544	Lee Tate	St. Louis Cardinals	RC			FALSE	 TRUE 	TRUE	$5.00		FALSE		FALSE					
545	Tom Morgan	Detroit Tigers 		7.00		FALSE	 FALSE 	FALSE			FALSE		FALSE					
546	Al Schroll	Philadelphia Phillies		7.00		FALSE	 TRUE 	TRUE	$6.35		FALSE		FALSE					
547	Jim Baxes	Los Angeles Dodgers	RC	7.00		FALSE	 TRUE 	TRUE	$3.00		FALSE		FALSE					
548	Elmer Singleton	Chicago Cubs				FALSE	 TRUE 	TRUE	$2.27		FALSE		FALSE	Off center				
549	Howie Nunn	St. Louis Cardinals	RC	7.00		FALSE	 FALSE 	FALSE			FALSE		FALSE					
550	Roy Campanella	Los Angeles Dodgers	Symbol of Courage	7.00		FALSE	 FALSE 	FALSE			FALSE		FALSE					
551	Fred Haney	Milwaukee Braves	NL Manager AS	7.00		FALSE	 FALSE 	FALSE			FALSE		FALSE					
552	Casey Stengel	New York Yankees	AL Manager AS	7.00		FALSE	 TRUE 	TRUE	$10.58		FALSE		FALSE					
553	Orlando Cepeda	San Francisco Giants	AS	7.00		FALSE	 FALSE 	FALSE			FALSE		FALSE				496	Wayne Terwilliger
554	Bill Skowron	New York Yankees	AS	7.00		FALSE	 FALSE 	FALSE			FALSE		FALSE				497	Hal R. Smith
555	Bill Mazeroski	Pittsburgh Pirates	AS	7.00		FALSE	 FALSE 	FALSE			FALSE		FALSE				498	Dick Hyde
556	Nellie Fox	Chicago White Sox	AS	7.00		FALSE	 TRUE 	FALSE	$14.58		FALSE		FALSE				499	Johnny O'Brien
557	Ken Boyer	St. Louis Cardinals	AS	7.00		FALSE	 FALSE 	FALSE			FALSE		FALSE				500	Vic Wertz
558	Frank Malzone	Boston Red Sox	AS	7.00		FALSE	 FALSE 	FALSE			FALSE		FALSE				501	Bobby Tiefenauer
559	Ernie Banks	Chicago Cubs	AS	7.00		FALSE	 TRUE 	TRUE	$29.10		FALSE		FALSE				547	Jim Baxes
560	Luis Aparicio	Chicago White Sox	AS	7.00		FALSE	 FALSE 	FALSE			FALSE		FALSE				568	Gus Triandos
561	Hank Aaron	Milwaukee Braves	AS	7.00		FALSE	 FALSE 	FALSE			FALSE		FALSE					
562	Al Kaline	Detroit Tigers 	AS	7.00		FALSE	 FALSE 	FALSE			FALSE		FALSE					
563	Willie Mays	San Francisco Giants	AS	7.00		FALSE	 FALSE 	FALSE			FALSE		FALSE					
564	Mickey Mantle	New York Yankees	AS	7.00		FALSE	 FALSE 	FALSE			FALSE		FALSE					
565	Wes Covington	Milwaukee Braves	AS	7.00		FALSE	 TRUE 	TRUE	$8.47		FALSE		FALSE					
566	Roy Sievers	Washington Senators	AS	7.00		FALSE	 FALSE 	FALSE			FALSE		FALSE					
567	Del Crandall	Milwaukee Braves	AS	7.00		FALSE	 FALSE 	FALSE			FALSE		FALSE					
568	Gus Triandos	Baltimore Orioles 	AS	7.00		FALSE	 TRUE 	TRUE	$2.00		FALSE		FALSE	Crease				
569	Bob Friend	Pittsburgh Pirates	AS	7.00		FALSE	 FALSE 	FALSE			FALSE		FALSE					
570	Bob Turley	New York Yankees	AS	7.00		FALSE	 FALSE 	FALSE			FALSE		FALSE					
571	Warren Spahn	Milwaukee Braves	AS	7.00		FALSE	 FALSE 	FALSE			FALSE		FALSE					
572	Billy Pierce	Chicago White Sox	AS	7.00		FALSE	 FALSE 	FALSE			FALSE		FALSE					
																		
																		
																		
																		
																		
																		
																		
																		
																		
																		
																		
																		
																		
